measurement_type,freq,theta,phi,magnitude,phase,
S21,1000,-45.020000,-180.020000,-98.765354,156.734549
S21,1500,-45.020000,-180.020000,-99.790232,19.716542
S21,2000,-45.020000,-180.020000,-83.006568,-42.573465
