measurement_type,freq,theta,phi,magnitude,phase,
S21,1000,-45.000000,-180.030000,-93.649975,145.946584
S21,1500,-45.000000,-180.030000,-97.038341,33.430131
S21,2000,-45.000000,-180.030000,-81.736716,-51.367062
S21,1000,-45.000000,-134.280000,-104.448455,162.823942
S21,1500,-45.000000,-134.280000,-103.302012,33.784222
S21,2000,-45.000000,-134.280000,-81.893442,-48.822315
