measurement_type,freq,theta,phi,magnitude,phase,
S11,1000,0.000000,0.000000,-1.729351,-49.199670
S11,1500,0.000000,0.000000,7.874912,-42.930210
S11,2000,0.000000,0.000000,-6.178952,-145.089965
S21,1000,-45.000000,-180.030000,-98.924447,-87.580690
S21,1500,-45.000000,-180.030000,-92.173587,104.232828
S21,2000,-45.000000,-180.030000,-98.565647,129.049094
