measurement_type,freq,theta,phi,magnitude,phase,
S11,1000,0.000000,0.000000,-1.540872,171.905331
S11,1500,0.000000,0.000000,-23.592918,7.538289
S11,2000,0.000000,0.000000,-8.502562,163.348228
S21,1000,-44.990000,-180.030000,-96.862323,-152.936087
S21,1500,-44.990000,-180.030000,-101.309296,-116.551178
S21,2000,-44.990000,-180.030000,-101.653461,-172.220443
